time,green,red,yellow,net(g-r)
1781879510.9,0,0,30,0
1781879523.9,0,,0,
1781879524.9,1,0,0,1
1781879527.0,1,3,1,-2
1781880280.2,60,60,13,0
1781880281.2,1,0,13,1
1781880282.2,0,0,0,0
1781880284.2,1,0,0,1
1781880285.2,1,1,3,0
1781880289.2,1,1,33,0
1781880290.2,1,1,1,0
1781880293.2,1,1,2,0
1781880295.2,6,1,2,5
1781880298.2,6,6,6,0
1781880299.2,6,1,6,5
1781880303.2,0,0,6,0
1781880304.2,1,6,6,-5
1781880305.2,3,6,2,-3
1781880306.2,0,6,2,-6
1781880311.2,0,6,0,-6
1781880312.2,0,6,2,-6
1781880313.2,0,1,2,-1
1781880319.2,3,1,2,2
1781880320.2,10,1,2,9
1781880321.2,11,1,2,10
1781880322.2,16,1,2,15
1781880324.2,16,6,6,10
1781880325.2,16,6,11,10
1781880328.2,16,6,31,10
1781880329.2,16,0,31,16
1781880330.2,16,6,31,10
1781880332.2,0,6,31,-6
1781880333.2,0,6,11,-6
1781880334.2,0,6,31,-6
1781880397.3,0,0,0,0
1781880400.3,1,3,0,-2
1781880401.3,1,0,0,1
1781880403.3,1,0,3,1
1781880404.3,1,0,0,1
1781880405.3,1,6,0,-5
1781880406.3,1,0,0,1
1781880408.3,3,0,0,3
1781880411.3,1,0,0,1
1781880412.3,6,1,3,5
1781880413.3,6,1,0,5
1781880415.3,6,6,0,0
1781880418.3,0,6,0,-6
1781880419.3,1,6,0,-5
1781880421.3,1,6,1,-5
1781880426.3,0,6,1,-6
1781880428.3,3,6,1,-3
1781880429.3,10,6,1,4
1781880430.3,10,6,2,4
1781880431.3,16,0,2,16
1781880432.3,11,0,2,11
1781880435.3,31,0,2,31
1781880436.3,13,0,2,13
1781880437.3,16,0,2,16
1781880438.3,16,1,2,15
1781880439.3,0,1,2,-1
1781880440.3,16,1,2,15
1781880445.3,16,1,6,15
1781880449.3,16,1,2,15
1781880451.3,16,6,2,10
1781880452.3,16,0,3,16
1781880453.3,11,6,2,5
1781880454.3,16,6,2,10
1781880455.3,16,0,1,16
1781880456.3,16,0,2,16
1781880457.3,10,6,0,4
1781880462.3,6,0,0,6
1781880463.3,0,13,0,-13
1781880464.3,6,13,3,-7
1781880465.3,11,13,3,-2
1781880467.3,0,13,0,-13
1781880469.3,6,13,0,-7
1781880470.3,6,6,0,0
1781880471.3,0,11,0,-11
1781880472.3,0,6,6,-6
1781880473.3,0,6,0,-6
1781880481.3,6,6,0,0
1781880482.3,16,6,0,10
1781880484.3,16,11,0,5
1781880485.3,16,6,0,10
1781880487.3,16,6,3,10
1781880488.3,16,6,0,10
1781880489.3,6,6,0,0
1781880490.3,6,11,0,-5
1781880491.3,0,11,3,-11
1781880492.3,0,16,0,-16
1781880494.3,0,16,6,-16
1781880495.3,0,10,2,-10
1781880497.3,0,11,2,-11
1781880498.3,0,16,2,-16
1781880499.3,11,10,6,1
1781880501.3,11,10,36,1
1781880502.3,11,11,6,0
1781880503.3,0,11,6,-11
1781880504.3,0,16,6,-16
1781880519.3,0,0,0,0
1781880521.3,0,3,0,-3
1781880522.3,0,3,1,-3
1781880524.3,0,1,1,-1
1781880525.3,1,1,1,0
1781880527.3,1,6,1,-5
1781880536.3,6,1,2,5
1781880539.3,6,1,,5
1781880540.3,6,1,2,5
1781880543.3,3,1,2,2
1781880544.3,1,1,2,0
1781880545.3,3,1,2,2
1781880546.3,1,1,2,0
1781880548.3,1,1,6,0
1781880549.3,0,6,6,-6
1781880550.3,3,6,6,-3
1781880551.3,3,6,,-3
1781880552.3,10,6,6,4
1781880553.3,11,6,6,5
1781880554.3,16,6,6,10
1781880556.3,0,6,6,-6
1781880557.3,0,6,2,-6
1781880558.3,0,6,6,-6
1781880559.3,0,0,6,0
1781880562.3,0,6,6,-6
1781880564.3,0,0,6,0
1781880566.3,0,1,6,-1
1781880567.3,0,6,6,-6
1781880570.3,0,6,0,-6
1781880574.3,16,0,0,16
1781880577.3,16,0,6,16
1781880578.3,11,0,1,11
1781880579.3,16,0,1,16
1781880580.3,16,0,3,16
1781880581.3,16,0,1,16
1781880582.3,16,13,1,3
1781880583.3,10,13,1,-3
1781880584.3,10,13,3,-3
1781880585.3,6,13,1,-7
1781880589.3,6,11,1,-5
1781880591.3,6,11,6,-5
1781880592.3,11,11,0,0
1781880593.3,11,6,6,5
1781880594.3,11,11,0,0
1781880595.3,11,11,6,0
1781880599.3,11,11,0,0
1781880600.3,0,11,6,-11
1781880601.3,0,11,0,-11
1781880602.3,6,16,0,-10
1781880603.3,0,10,3,-10
1781880604.3,0,16,,-16
1781880605.3,6,16,1,-10
1781880607.3,6,66,0,-60
1781880608.3,16,66,0,-50
1781880609.3,6,16,1,-10
1781880611.3,3,16,1,-13
1781880612.3,11,16,3,-5
1781880613.3,11,16,2,-5
1781880614.3,61,16,12,45
1781880615.3,0,16,12,-16
1781880616.3,0,11,11,-11
1781880617.3,0,0,13,0
1781880619.3,61,16,36,45
1781880620.3,0,0,13,0
1781880621.3,0,0,3,0
1781880622.3,0,16,3,-16
1781880623.3,0,0,3,0
1781880624.3,0,16,3,-16
1781880625.3,0,6,3,-6
1781880626.3,0,16,3,-16
1781880629.3,0,16,1,-16
1781880641.3,0,10,3,-10
1781880644.3,0,6,3,-6
1781880646.3,11,6,3,5
1781880648.3,11,6,2,5
1781880652.3,0,6,2,-6
1781880654.3,0,6,33,-6
1781880655.3,1,11,0,-10
1781880656.3,1,11,33,-10
1781880657.3,1,11,31,-10
1781880658.3,61,11,31,50
1781880660.3,6,1,3,5
1781880661.3,,,0,
1781880662.3,66,11,36,55
1781880663.3,61,11,36,50
1781880664.3,63,6,36,57
1781880665.3,61,6,36,55
1781880666.3,66,6,36,60
1781880667.3,0,11,36,-11
1781880675.3,0,11,6,-11
1781880676.3,61,11,36,50
1781880679.3,6,11,16,-5
1781880680.3,6,10,3,-4
1781880682.3,66,10,33,56
1781880683.3,1,10,33,-9
1781880684.3,31,10,33,21
1781880685.3,61,10,36,51
1781880686.3,61,10,6,51
1781880687.3,31,10,33,21
1781880688.3,0,10,33,-10
1781880689.3,0,10,6,-10
1781880690.3,0,10,36,-10
1781880691.3,0,10,6,-10
1781880692.3,0,10,36,-10
1781880693.3,0,10,6,-10
1781880694.3,0,16,6,-16
1781880697.3,0,16,36,-16
1781880698.3,0,16,6,-16
1781880699.3,0,16,3,-16
1781881316.0,0,16,3,-16
1781881319.0,0,16,6,-16
1781881323.0,0,0,0,0
1781881324.0,1,0,0,1
1781881326.0,1,3,1,-2
1781881333.0,6,1,6,5
1781881335.0,6,1,2,5
1781881339.0,6,6,2,0
1781881341.0,6,6,0,0
1781881343.0,1,6,60,-5
1781881344.0,3,6,6,-3
1781881345.0,3,6,0,-3
1781881346.0,0,1,0,-1
1781881347.0,3,6,66,-3
1781881348.0,3,6,0,-3
1781881349.0,3,1,0,2
1781881351.0,10,,60,
1781881352.0,11,6,1,5
1781881353.0,11,0,0,11
1781881355.0,31,0,,31
1781881356.0,11,0,2,11
1781881357.0,11,6,6,5
1781881358.0,31,0,6,31
1781881360.0,13,6,6,7
1781881361.0,16,6,6,10
1781881365.1,10,6,6,4
1781881366.1,16,6,6,10
1781881368.1,16,6,63,10
1781881369.1,16,6,16,10
1781881371.1,16,6,6,10
1781881373.1,16,0,6,16
1781881376.1,16,6,,10
1781881377.1,16,0,,16
1781881379.1,16,1,1,15
1781881380.1,11,1,1,10
1781881381.1,16,1,11,15
1781881382.1,16,1,16,15
1781881384.1,16,1,6,15
1781881386.1,16,6,2,10
1781881387.1,10,6,2,4
1781881388.1,10,0,12,10
1781881389.1,10,60,12,-50
1781881390.1,10,10,1,0
1781881391.1,10,13,6,-3
1781881392.1,10,13,12,-3
1781881393.1,10,10,12,0
1781881394.1,10,,13,
1781881395.1,10,6,2,4
1781881399.1,10,6,6,4
1781881400.1,6,6,6,0
1781881402.1,6,11,0,-5
1781881403.1,6,6,6,0
1781881407.1,11,,6,
1781881408.1,11,6,6,5
1781881409.1,0,6,1,-6
1781881410.1,0,6,11,-6
1781881411.1,0,6,1,-6
1781881412.1,0,11,0,-11
1781881413.1,0,11,2,-11
1781881414.1,0,11,,-11
1781881415.1,0,11,33,-11
1781881416.1,0,16,23,-16
1781881417.1,6,11,23,-5
1781881418.1,16,11,23,5
1781881420.1,16,16,23,0
1781881424.1,16,16,13,0
1781881425.1,6,16,1,-10
1781881426.1,6,16,2,-10
1781881428.1,6,66,2,-60
1781881429.1,6,11,2,-5
1781881451.1,0,11,2,-11
1781881452.1,11,16,2,-5
1781881453.1,61,6,2,55
1781881454.1,0,16,20,-16
1781881455.1,11,16,1,-5
1781881456.1,0,6,21,-6
1781881457.1,1,11,16,-10
1781881458.1,63,11,26,52
1781881459.1,66,6,3,60
1781881460.1,6,6,66,0
1781881461.1,6,11,66,-5
1781881464.1,66,11,6,55
1781881466.1,0,11,12,-11
1781881467.1,0,11,36,-11
1781881468.1,66,11,23,55
1781881470.1,66,16,23,50
1781881476.1,0,16,23,-16
1781881477.1,0,16,13,-16
1781881478.1,61,16,16,45
1781881480.1,1,16,16,-15
1781881481.1,0,16,66,-16
1781881482.1,0,16,61,-16
1781881483.1,0,11,20,-11
1781881484.1,0,6,13,-6
1781881485.1,0,6,0,-6
1781881486.1,0,10,10,-10
1781881487.1,0,13,,-13
1781881488.1,0,10,0,-10
1781881489.1,0,10,10,-10
1781881490.1,0,10,60,-10
1781881491.1,0,13,10,-13
1781881492.1,0,10,13,-10
1781881493.1,0,10,16,-10
1781881494.1,0,10,10,-10
1781881495.1,31,10,10,21
1781881496.1,31,13,16,18
1781881497.1,0,10,16,-10
1781881498.1,0,10,60,-10
1781881499.1,0,10,63,-10
1781881500.1,0,13,1,-13
1781881501.1,0,10,10,-10
1781881502.1,0,10,0,-10
1781881503.1,30,10,61,20
1781881847.6,30,10,61,20
1781881852.6,0,0,36,0
1781881854.6,1,0,0,1
1781881855.6,1,3,6,-2
1781881856.6,1,0,6,1
1781881858.6,1,0,0,1
1781881859.6,6,0,33,6
1781881860.6,1,1,32,0
1781881862.6,1,1,0,0
1781881863.6,1,1,6,0
1781881865.6,1,1,1,0
1781881868.6,1,1,2,0
1781881869.6,1,6,2,-5
1781881872.6,6,6,2,0
1781881873.6,6,1,2,5
1781881876.6,6,6,2,0
1781881881.6,6,0,2,6
1781881884.6,6,1,6,5
1781881889.6,6,1,2,5
1781881890.6,0,1,0,-1
1781881891.6,6,1,0,5
1781881892.6,6,0,2,6
1781881893.6,6,6,2,0
1781881894.6,0,0,0,0
1781881895.6,0,0,6,0
1781881896.6,0,0,1,0
1781881897.6,1,0,2,1
1781881898.6,1,13,6,-12
1781881902.6,1,13,2,-12
1781881903.6,1,13,6,-12
1781881904.6,1,6,0,-5
1781881906.6,1,11,6,-10
1781881907.6,0,6,0,-6
1781881908.6,0,6,6,-6
1781881909.6,0,6,0,-6
1781881911.6,0,6,2,-6
1781881912.6,0,11,6,-11
1781881916.6,0,3,1,-3
1781881917.6,0,0,2,0
1781881920.6,0,1,2,-1
1781881921.6,1,1,2,0
1781881925.6,6,1,2,5
1781881929.6,6,6,2,0
1781881934.6,6,6,6,0
1781881935.6,6,6,2,0
1781881936.6,0,6,2,-6
1781881939.6,3,6,2,-3
1781881940.6,0,6,2,-6
1781881942.6,3,1,2,2
1781881943.6,3,1,0,2
1781881944.6,10,1,0,9
1781881945.6,31,6,0,25
1781881946.6,11,6,1,5
1781881948.6,13,6,0,7
1781881950.6,13,6,2,7
1781881951.6,13,0,2,13
1781881955.6,16,0,2,16
1781881956.6,16,6,6,10
1781881958.6,16,6,,10
1781881959.6,16,,31,
1781881960.6,16,1,11,15
1781881961.6,16,6,11,10
1781881963.6,,6,11,
1781881964.6,11,6,11,5
1781881965.6,16,6,3,10
1781881966.6,16,0,,16
1781881967.6,16,6,,10
1781881968.6,0,6,6,-6
1781881969.6,0,6,3,-6
1781881970.6,0,0,,0
1781881971.6,16,0,,16
1781881972.6,10,0,,10
1781881975.6,10,0,1,10
1781881976.6,6,0,1,6
1781881977.6,6,0,0,6
1781881979.6,3,6,0,-3
1781881980.6,6,0,0,6
1781881982.6,11,0,0,11
1781881983.6,11,13,0,-2
1781881984.6,11,16,,-5
1781881985.6,11,66,1,-55
1781881986.6,11,6,3,5
1781881987.6,0,6,,-6
1781881988.6,0,6,1,-6
1781881990.6,6,6,1,0
1781881992.6,0,6,1,-6
1781881993.6,0,11,13,-11
1781881994.6,0,11,12,-11
1781881996.6,0,16,13,-16
1781881997.6,0,16,16,-16
1781881999.6,6,16,6,-10
1781882001.6,6,6,,0
1781882002.6,6,16,3,-10
1781882004.6,6,16,6,-10
1781882006.6,6,16,3,-10
1781882008.6,16,16,6,0
1781882009.6,16,16,3,0
1781882010.6,3,16,3,-13
1781882012.6,0,16,3,-16
1781882013.6,0,16,16,-16
1781882014.6,0,16,3,-16
1781882015.6,0,12,3,-12
1781882016.6,11,12,1,-1
1781882020.6,0,11,1,-11
1781882021.6,0,11,,-11
1781882022.6,0,13,3,-13
1781882023.6,0,12,3,-12
1781882025.6,0,11,3,-11
1781882026.6,0,16,2,-16
1781882027.6,0,16,3,-16
1781882028.6,0,16,2,-16
1781882031.6,1,16,2,-15
1781882032.6,1,10,2,-9
1781882033.6,1,6,2,-5
1781882036.6,61,6,2,55
1781882038.6,66,6,2,60
1781882039.6,0,6,2,-6
1781882040.6,61,6,2,55
1781882041.6,61,11,2,50
1781882043.6,1,11,1,-10
1781882044.6,0,11,2,-11
1781882046.6,0,6,2,-6
1781882048.6,0,11,2,-11
1781882052.6,31,11,2,20
1781882053.6,0,11,2,-11
1781882057.7,0,11,1,-11
1781882058.7,0,1,10,-1
1781882059.7,0,11,2,-11
1781882066.7,32,11,2,21
1781882067.7,0,11,1,-11
1781882068.7,33,11,2,22
1781882069.7,32,11,2,21
1781882070.7,0,11,2,-11
1781882072.7,30,11,2,19
1781882073.7,60,11,2,49
1781882074.7,30,11,2,19
1781882075.7,30,10,2,20
1781882076.7,60,16,2,44
1781882077.7,0,16,2,-16
1781882079.7,0,16,31,-16
1781882083.7,61,16,31,45
1781882088.7,61,11,31,50
1781882244.1,61,11,31,50
1781882247.1,0,0,0,0
1781882249.1,0,0,30,0
1781882250.1,0,3,0,-3
1781882253.1,0,0,0,0
1781882254.1,1,0,0,1
1781882255.1,1,0,,1
1781882256.1,1,0,33,1
1781882257.1,1,3,6,-2
1781882258.1,1,0,0,1
1781882259.1,6,1,3,5
1781882261.1,6,,6,
1781882262.1,6,1,33,5
1781882263.1,6,1,0,5
1781882264.1,6,6,0,0
1781882265.1,6,6,33,0
1781882267.1,6,6,6,0
1781882268.1,6,6,2,0
1781882270.1,6,6,6,0
1781882271.1,6,6,33,0
1781882272.1,6,6,6,0
1781882273.1,6,6,3,0
1781882274.1,0,6,33,-6
1781882275.1,0,6,0,-6
1781882277.1,3,6,0,-3
1781882278.1,3,6,1,-3
1781882279.1,10,0,1,10
1781882280.1,10,6,,4
1781882281.1,10,0,1,10
1781882282.1,31,0,1,31
1781882283.1,13,0,1,13
1781882284.1,16,0,1,16
1781882285.1,11,0,1,11
1781882286.1,16,0,2,16
1781882289.1,16,0,,16
1781882290.1,16,1,6,15
1781882291.1,16,1,2,15
1781882294.1,16,0,2,16
1781882297.1,10,0,2,10
1781882298.1,10,0,6,10
1781882303.1,16,0,0,16
1781882304.1,16,0,1,16
1781882306.1,16,13,0,3
1781882307.1,16,13,3,3
1781882308.1,16,13,6,3
1781882309.1,16,13,,3
1781882310.1,16,13,6,3
1781882311.1,11,13,0,-2
1781882312.1,16,13,0,3
1781882313.1,13,6,6,7
1781882314.1,16,6,0,10
1781882316.1,16,,2,
1781882317.1,16,6,0,10
1781882320.1,10,11,3,-1
1781882321.1,0,6,31,-6
1781882323.1,0,6,3,-6
1781882325.1,6,6,,0
1781882326.1,6,0,,6
1781882328.1,0,6,1,-6
1781882330.1,6,6,1,0
1781882332.1,16,6,1,10
1781882334.1,3,6,1,-3
1781882335.1,0,6,1,-6
1781882336.1,0,11,1,-11
1781882337.1,0,11,0,-11
1781882339.1,0,11,,-11
1781882340.1,0,11,3,-11
1781882343.1,11,11,3,0
1781882344.1,0,11,3,-11
1781882347.1,0,11,1,-11
1781882348.1,0,11,6,-11
1781882349.1,0,10,3,-10
1781882352.1,0,16,3,-16
1781882354.1,0,16,2,-16
1781882359.1,11,16,2,-5
1781882360.2,61,16,2,45
1781882361.2,0,16,2,-16
1781882363.2,0,,3,
1781882364.2,0,16,3,-16
1781882368.2,0,16,16,-16
1781882369.2,0,16,3,-16
1781882371.2,0,16,6,-16
1781882374.2,0,16,16,-16
1781882375.2,1,10,3,-9
1781882376.2,1,16,3,-15
1781882377.2,61,16,3,45
1781882378.2,61,16,6,45
1781882379.2,61,16,33,45
1781882380.2,1,16,1,-15
1781882381.2,61,16,1,45
1781882382.2,61,16,,45
1781882385.2,1,16,3,-15
1781882386.2,61,16,3,45
1781882387.2,61,16,,45
1781882389.2,61,16,3,45
1781882390.2,61,16,6,45
1781882391.2,61,16,2,45
1781882394.2,66,11,3,55
1781882397.2,0,12,2,-12
1781882398.2,0,11,2,-11
1781882403.2,0,16,31,-16
1781882406.2,66,16,31,50
1781882408.2,66,16,33,50
1781882412.2,0,16,31,-16
1781882415.2,6,16,31,-10
1781882416.2,6,10,6,-4
1781882418.2,1,10,36,-9
1781882420.2,0,16,6,-16
1781882421.2,1,10,36,-9
1781882422.2,1,16,6,-15
1781882425.2,1,6,6,-5
